Row ID,Industry,Company,Name,Project Type,Project_Status,Technology,Key Tech,Key Values,Location,Region,Year,More
1.0,ACDP,KPF,One Vanderbilt,BUILDING,Completed,Building Information Modeling,Analytics & Visualization,Decision Making,USA,North America,2020,
1.0,ACDP,KPF,One Vanderbilt,BUILDING,Completed,Generative Design,Analytics & Visualization,Decision Making,USA,North America,2020,
1.0,ACDP,KPF,One Vanderbilt,BUILDING,Completed,Urban Data Analytics,Analytics & Visualization,Decision Making,USA,North America,2020,
1.0,ACDP,KPF,One Vanderbilt,BUILDING,Completed,Real-Time Evaluation,Analytics & Visualization,Decision Making,USA,North America,2020,
1.0,ACDP,KPF,One Vanderbilt,BUILDING,Completed,Simulation & Visualization,Analytics & Visualization,Decision Making,USA,North America,2020,
1.0,ACDP,KPF,One Vanderbilt,BUILDING,Completed,Data Interpretation,Analytics & Visualization,Decision Making,USA,North America,2020,
1.0,ACDP,KPF,One Vanderbilt,BUILDING,Completed,User Interface,Analytics & Visualization,Decision Making,USA,North America,2020,
1.0,ACDP,KPF,One Vanderbilt,BUILDING,Completed,Dashboard,Analytics & Visualization,Decision Making,USA,North America,2020,
2.0,ACDP,KPF,West Lake 66,BUILDING,Ongoing,Parametric Design,Analytics & Visualization,Decision Making,China,Asia,2024,
2.0,ACDP,KPF,West Lake 66,BUILDING,Ongoing,Parametric Optimization,Analytics & Visualization,Decision Making,China,Asia,2024,
2.0,ACDP,KPF,West Lake 66,BUILDING,Ongoing,Building Information Modeling,Analytics & Visualization,Decision Making,China,Asia,2024,
3.0,ACDP,KPF,Ideal Block Master Plan,RESEARCH,Completed,Typology Analysis,Analytics & Visualization,Decision Making,London,Europe,,
3.0,ACDP,KPF,Ideal Block Master Plan,RESEARCH,Completed,Performance Optimization,Analytics & Visualization,Decision Making,London,Europe,,
3.0,ACDP,KPF,Ideal Block Master Plan,RESEARCH,Completed,parametric design,Analytics & Visualization,Decision Making,London,Europe,,
3.0,ACDP,KPF,Ideal Block Master Plan,RESEARCH,Completed,generative design,Analytics & Visualization,Decision Making,London,Europe,,
3.0,ACDP,KPF,Ideal Block Master Plan,RESEARCH,Completed,Geometry Generation,Analytics & Visualization,Decision Making,London,Europe,,
4.0,ACDP,KPF,Shanghai Crystal Plaza,RESEARCH,Completed,Data Analytics,Analytics & Visualization,Decision Making,China,Asia,,
4.0,ACDP,KPF,Shanghai Crystal Plaza,RESEARCH,Completed,Generative Design,Analytics & Visualization,Decision Making,China,Asia,,
5.0,ACDP,KPF,Scout,PRODUCT,Completed,Building Information Modeling,Analytics & Visualization,Decision Making,Mexico,North America,2020,
5.0,ACDP,KPF,Scout,PRODUCT,Completed,Generative Design,Analytics & Visualization,Decision Making,Mexico,North America,2020,
5.0,ACDP,KPF,Scout,PRODUCT,Completed,Urban Data Analytics,Analytics & Visualization,Decision Making,Mexico,North America,2020,
5.0,ACDP,KPF,Scout,PRODUCT,Completed,Real-Time Evaluation,Analytics & Visualization,Decision Making,Mexico,North America,2020,
5.0,ACDP,KPF,Scout,PRODUCT,Completed,Simulation & Visualization,Analytics & Visualization,Decision Making,Mexico,North America,2020,
5.0,ACDP,KPF,Scout,PRODUCT,Completed,Platform Data interpretration,Analytics & Visualization,Decision Making,Mexico,North America,2020,
5.0,ACDP,KPF,Scout,PRODUCT,Completed,User Interface,Analytics & Visualization,Decision Making,Mexico,North America,2020,
5.0,ACDP,KPF,Scout,PRODUCT,Completed,Dashboard,Analytics & Visualization,Decision Making,Mexico,North America,2020,
6.0,ACDP,Sasaki,Carbon Science App,PRODUCT,Completed,Dashboard,Analytics & Visualization,Decision Making,USA,North America,2021,
6.0,ACDP,Sasaki,Carbon Science App,PRODUCT,Completed,Integrated Tools,Analytics & Visualization,Decision Making,USA,North America,2021,
6.0,ACDP,Sasaki,Carbon Science App,PRODUCT,Completed,Data Visualisation,Analytics & Visualization,Decision Making,USA,North America,2021,
6.0,ACDP,Sasaki,Carbon Science App,PRODUCT,Completed,Data Analytics,Analytics & Visualization,Decision Making,USA,North America,2021,
7.0,ACDP,Sasaki,Technical Resource Group,INITIATIVE,Ongoing,AI,Analytics & Visualization,Revenue & Cost Optimisation,USA,North America,ongoing,2017
7.0,ACDP,Sasaki,Technical Resource Group,INITIATIVE,Ongoing,Data Science,Analytics & Visualization,Revenue & Cost Optimisation,USA,North America,ongoing,2017
7.0,ACDP,Sasaki,Technical Resource Group,INITIATIVE,Ongoing,Software Tech,Analytics & Visualization,Revenue & Cost Optimisation,USA,North America,ongoing,2017
7.0,ACDP,Sasaki,Technical Resource Group,INITIATIVE,Ongoing,Digital Connectivity Tech,Analytics & Visualization,Revenue & Cost Optimisation,USA,North America,ongoing,2017
8.0,ACDP,Sasaki,Salud Digna Dashboard,PRODUCT,Ongoing,Data Analytics,Analytics & Visualization,Decision Making,Mexico,North America,ongoing,
8.0,ACDP,Sasaki,Salud Digna Dashboard,PRODUCT,Ongoing,Software Tech,Analytics & Visualization,Decision Making,Mexico,North America,ongoing,
9.0,ACDP,Sasaki,University of Colorado Boulder Master Plan,URBAN DESIGN,Completed,Data Visualisation,Analytics & Visualization,Decision Making,USA,North America,2021,
9.0,ACDP,Sasaki,University of Colorado Boulder Master Plan,URBAN DESIGN,Completed,Software Tech,Analytics & Visualization,Decision Making,USA,North America,2021,
9.0,ACDP,Sasaki,University of Colorado Boulder Master Plan,URBAN DESIGN,Completed,3D model visualisation,Analytics & Visualization,Decision Making,USA,North America,2021,
10.0,ACDP,Sasaki,Density Atlas,PRODUCT,Completed,Data Analytics,Analytics & Visualization,Decision Making,USA,North America,2021,
10.0,ACDP,Sasaki,Density Atlas,PRODUCT,Completed,Generative Design,Analytics & Visualization,Decision Making,USA,North America,2021,
11.0,ACDP,Sasaki,get[t]here,INITIATIVE,Completed,Data Science,Analytics & Visualization,Sustainability,USA,North America,2021,
11.0,ACDP,Sasaki,get[t]here,INITIATIVE,Completed,Software Tech,Analytics & Visualization,Sustainability,USA,North America,2021,
11.0,ACDP,Sasaki,get[t]here,INITIATIVE,Completed,Digital Connectivity Tech,Analytics & Visualization,Sustainability,USA,North America,2021,
12.0,ACDP,UN Studio,BIM Speed Platform,RESEARCH,Ongoing,Building Information Modeling,Analytics & Visualization,Decision Making,Netherlands,Other,ongoing,2021
12.0,ACDP,UN Studio,BIM Speed Platform,RESEARCH,Ongoing,Data Science,Analytics & Visualization,Decision Making,Netherlands,Other,ongoing,2021
12.0,ACDP,UN Studio,BIM Speed Platform,RESEARCH,Ongoing,Software Tech,Analytics & Visualization,Decision Making,Netherlands,Other,ongoing,2021
12.0,ACDP,UN Studio,BIM Speed Platform,RESEARCH,Ongoing,Digital Connectivity Tech,Analytics & Visualization,Decision Making,Netherlands,Other,ongoing,2021
12.0,ACDP,UN Studio,BIM Speed Platform,RESEARCH,Ongoing,Cloud Computing,Analytics & Visualization,Decision Making,Netherlands,Other,ongoing,2021
13.0,ACDP,UN Studio,K Wah Nanjing,BUILDING,Ongoing,Building Information Modeling,Analytics & Visualization,Decision Making,China,Asia,ongoing,2023
13.0,ACDP,UN Studio,K Wah Nanjing,BUILDING,Ongoing,Data Analytics,Analytics & Visualization,Decision Making,China,Asia,ongoing,2023
13.0,ACDP,UN Studio,K Wah Nanjing,BUILDING,Ongoing,Generative Design,Analytics & Visualization,Decision Making,China,Asia,ongoing,2023
14.0,ACDP,UN Studio,Brainport Smart District,URBAN DESIGN,Ongoing,Building Information Modeling,Analytics & Visualization,Decision Making,Netherlands,Other,ongoing,2018
14.0,ACDP,UN Studio,Brainport Smart District,URBAN DESIGN,Ongoing,Generative Design,Analytics & Visualization,Decision Making,Netherlands,Other,ongoing,2018
14.0,ACDP,UN Studio,Brainport Smart District,URBAN DESIGN,Ongoing,Urban Data Analytics,Analytics & Visualization,Decision Making,Netherlands,Other,ongoing,2018
14.0,ACDP,UN Studio,Brainport Smart District,URBAN DESIGN,Ongoing,IoT,Analytics & Visualization,Decision Making,Netherlands,Other,ongoing,2018
15.0,ACDP,BIG,Woven City,URBAN DESIGN,Ongoing,Building Information Modeling,Analytics & Visualization,Sustainability,Japan,Other,ongoing,2020
15.0,ACDP,BIG,Woven City,URBAN DESIGN,Ongoing,Generative Design,Analytics & Visualization,Sustainability,Japan,Other,ongoing,2020
15.0,ACDP,BIG,Woven City,URBAN DESIGN,Ongoing,Urban Data Analytics,Analytics & Visualization,Sustainability,Japan,Other,ongoing,2020
15.0,ACDP,BIG,Woven City,URBAN DESIGN,Ongoing,Parametric Design,Analytics & Visualization,Sustainability,Japan,Other,ongoing,2020
16.0,ACDP,Genslar,BLOX,PRODUCT,Completed,Platform,Analytics & Visualization,Decision Making,USA,North America,2021,
16.0,ACDP,Genslar,BLOX,PRODUCT,Completed,Generative Design,Analytics & Visualization,Decision Making,USA,North America,2021,
16.0,ACDP,Genslar,BLOX,PRODUCT,Completed,Interactive Software,Analytics & Visualization,Decision Making,USA,North America,2021,
16.0,ACDP,Genslar,BLOX,PRODUCT,Completed,Plugin,Analytics & Visualization,Decision Making,USA,North America,2021,
16.0,ACDP,Genslar,BLOX,PRODUCT,Completed,BIM Visualisation,Analytics & Visualization,Decision Making,USA,North America,2021,
17.0,ACDP,Genslar,San Franciso International Airport,INFRASTRUCTURE,Completed,Parametric Design,Analytics & Visualization,Decision Making,USA,North America,2014,
17.0,ACDP,Genslar,San Franciso International Airport,INFRASTRUCTURE,Completed,IoT,Analytics & Visualization,Decision Making,USA,North America,2014,
17.0,ACDP,Genslar,San Franciso International Airport,INFRASTRUCTURE,Completed,Platform,Analytics & Visualization,Decision Making,USA,North America,2014,
17.0,ACDP,Genslar,San Franciso International Airport,INFRASTRUCTURE,Completed,User Interface,Analytics & Visualization,Decision Making,USA,North America,2014,
18.0,ACDP,Hassell,Shenzhen Xinqiao,URBAN DESIGN,Completed,Building Information Modeling,Analytics & Visualization,Sustainability,China,Asia,2019,
18.0,ACDP,Hassell,Shenzhen Xinqiao,URBAN DESIGN,Completed,Data Analytics,Analytics & Visualization,Sustainability,China,Asia,2019,
18.0,ACDP,Hassell,Shenzhen Xinqiao,URBAN DESIGN,Completed,Parametric Design,Analytics & Visualization,Sustainability,China,Asia,2019,
18.0,ACDP,Hassell,Shenzhen Xinqiao,URBAN DESIGN,Completed,Data Visualisation,Analytics & Visualization,Sustainability,China,Asia,2019,
19.0,ACDP,SOM,Understanding Air Quality in Workspace,RESEARCH,Completed,Computational modeling,Analytics & Visualization,Decision Making,USA,North America,2021,
19.0,ACDP,SOM,Understanding Air Quality in Workspace,RESEARCH,Completed,digital modeling,Analytics & Visualization,Decision Making,USA,North America,2021,
19.0,ACDP,SOM,Understanding Air Quality in Workspace,RESEARCH,Completed,data analytics,Analytics & Visualization,Decision Making,USA,North America,2021,
19.0,ACDP,SOM,Understanding Air Quality in Workspace,RESEARCH,Completed,data visualisation,Analytics & Visualization,Decision Making,USA,North America,2021,
20.0,ACDP,SOM,Urban Sequoia,BUILDING,Completed,Parametric Design,Analytics & Visualization,Decision Making,USA,North America,2021,
20.0,ACDP,SOM,Urban Sequoia,BUILDING,Completed,Parametric Optimization,Analytics & Visualization,Decision Making,USA,North America,2021,
20.0,ACDP,SOM,Urban Sequoia,BUILDING,Completed,Building Information Modeling,Analytics & Visualization,Decision Making,USA,North America,2021,
21.0,ACDP,SOM,Autonomous Construction Monitoring,PRODUCT,Completed,Hardware sensing,Analytics & Visualization,Decision Making,UK,Other,2017,Image monitoring system
21.0,ACDP,SOM,Autonomous Construction Monitoring,PRODUCT,Completed,Data Analytics,Analytics & Visualization,Decision Making,UK,Other,2017,Image monitoring system
21.0,ACDP,SOM,Autonomous Construction Monitoring,PRODUCT,Completed,Software Tech,Analytics & Visualization,Decision Making,UK,Other,2017,Image monitoring system
21.0,ACDP,SOM,Autonomous Construction Monitoring,PRODUCT,Completed,Machine Learning,Analytics & Visualization,Decision Making,UK,Other,2017,Image monitoring system
21.0,ACDP,SOM,Autonomous Construction Monitoring,PRODUCT,Completed,Robotics,Analytics & Visualization,Decision Making,UK,Other,2017,Image monitoring system
22.0,ACDP,SOM,Robotic Construction: The Glass Vault,RESEARCH,Completed,Machine Learning,Analytics & Visualization,Flexibility,USA,North America,2021,
22.0,ACDP,SOM,Robotic Construction: The Glass Vault,RESEARCH,Completed,Platform,Analytics & Visualization,Flexibility,USA,North America,2021,
22.0,ACDP,SOM,Robotic Construction: The Glass Vault,RESEARCH,Completed,Hardware,Analytics & Visualization,Flexibility,USA,North America,2021,
22.0,ACDP,SOM,Robotic Construction: The Glass Vault,RESEARCH,Completed,Software Tech,Analytics & Visualization,Flexibility,USA,North America,2021,
22.0,ACDP,SOM,Robotic Construction: The Glass Vault,RESEARCH,Completed,Robotics,Analytics & Visualization,Flexibility,USA,North America,2021,
23.0,ACDP,AECOM,PlanEngage,PRODUCT,Completed,Data Analytics,Analytics & Visualization,Decision Making,USA,North America,2022,Online real time collaboration for reporting 
23.0,ACDP,AECOM,PlanEngage,PRODUCT,Completed,Data Visualisation,Analytics & Visualization,Decision Making,USA,North America,2022,Online real time collaboration for reporting 
23.0,ACDP,AECOM,PlanEngage,PRODUCT,Completed,Cloud,Analytics & Visualization,Decision Making,USA,North America,2022,Online real time collaboration for reporting 
23.0,ACDP,AECOM,PlanEngage,PRODUCT,Completed,Dashboard,Analytics & Visualization,Decision Making,USA,North America,2022,Online real time collaboration for reporting 
23.0,ACDP,AECOM,PlanEngage,PRODUCT,Completed,User Interface,Analytics & Visualization,Decision Making,USA,North America,2022,Online real time collaboration for reporting 
23.0,ACDP,AECOM,PlanEngage,PRODUCT,Completed,GIS,Analytics & Visualization,Decision Making,USA,North America,2022,Online real time collaboration for reporting 
23.0,ACDP,AECOM,PlanEngage,PRODUCT,Completed,Digital Twin,Analytics & Visualization,Decision Making,USA,North America,2022,Online real time collaboration for reporting 
24.0,CONSULTING,Accenture,Transport Orientation Platform,PRODUCT,Completed,Urban OS,Analytics & Visualization,Revenue & Cost Optimisation,Ireland,Other,2021,
24.0,CONSULTING,Accenture,Transport Orientation Platform,PRODUCT,Completed,Cloud Services,Analytics & Visualization,Revenue & Cost Optimisation,Ireland,Other,2021,
24.0,CONSULTING,Accenture,Transport Orientation Platform,PRODUCT,Completed,AI,Analytics & Visualization,Revenue & Cost Optimisation,Ireland,Other,2021,
24.0,CONSULTING,Accenture,Transport Orientation Platform,PRODUCT,Completed,Machine Learning,Analytics & Visualization,Revenue & Cost Optimisation,Ireland,Other,2021,
24.0,CONSULTING,Accenture,Transport Orientation Platform,PRODUCT,Completed,Platform Tools,Analytics & Visualization,Revenue & Cost Optimisation,Ireland,Other,2021,
24.0,CONSULTING,Accenture,Transport Orientation Platform,PRODUCT,Completed,Workflow automation,Analytics & Visualization,Revenue & Cost Optimisation,Ireland,Other,2021,
24.0,CONSULTING,Accenture,Transport Orientation Platform,PRODUCT,Completed,Real time IOT,Analytics & Visualization,Revenue & Cost Optimisation,Ireland,Other,2021,
25.0,CONSULTING,Accenture,Accenture Innovation Center Fukushima,INITIATIVE,Ongoing,City OS,Analytics & Visualization,Decision Making,Japan,Other,ongoing,2011
25.0,CONSULTING,Accenture,Accenture Innovation Center Fukushima,INITIATIVE,Ongoing,Urban Data Analytics,Analytics & Visualization,Decision Making,Japan,Other,ongoing,2011
25.0,CONSULTING,Accenture,Accenture Innovation Center Fukushima,INITIATIVE,Ongoing,Digital Connectivity Technology,Analytics & Visualization,Decision Making,Japan,Other,ongoing,2011
25.0,CONSULTING,Accenture,Accenture Innovation Center Fukushima,INITIATIVE,Ongoing,Software Tech and Computing,Analytics & Visualization,Decision Making,Japan,Other,ongoing,2011
25.0,CONSULTING,Accenture,Accenture Innovation Center Fukushima,INITIATIVE,Ongoing,AI,Analytics & Visualization,Decision Making,Japan,Other,ongoing,2011
26.0,CONSULTING,Accenture,Digital Disaster Prevention System Aizuwakamatsu+,PRODUCT,Completed,City OS,Analytics & Visualization,Decision Making,Japan,Other,2019,
26.0,CONSULTING,Accenture,Digital Disaster Prevention System Aizuwakamatsu+,PRODUCT,Completed,Cloud Services,Analytics & Visualization,Decision Making,Japan,Other,2019,
26.0,CONSULTING,Accenture,Digital Disaster Prevention System Aizuwakamatsu+,PRODUCT,Completed,API,Analytics & Visualization,Decision Making,Japan,Other,2019,
26.0,CONSULTING,Accenture,Digital Disaster Prevention System Aizuwakamatsu+,PRODUCT,Completed,Digital Connectivity,Analytics & Visualization,Decision Making,Japan,Other,2019,
26.0,CONSULTING,Accenture,Digital Disaster Prevention System Aizuwakamatsu+,PRODUCT,Completed,GIS,Analytics & Visualization,Decision Making,Japan,Other,2019,
27.0,CONSULTING,Accenture,Amsterdam Smart City,URBAN DESIGN,Completed,Hardware sensing,Analytics & Visualization,Sustainability,Netherlands,Other,2009,
27.0,CONSULTING,Accenture,Amsterdam Smart City,URBAN DESIGN,Completed,Data Analytics,Analytics & Visualization,Sustainability,Netherlands,Other,2009,
27.0,CONSULTING,Accenture,Amsterdam Smart City,URBAN DESIGN,Completed,Automation,Analytics & Visualization,Sustainability,Netherlands,Other,2009,
27.0,CONSULTING,Accenture,Amsterdam Smart City,URBAN DESIGN,Completed,Robotics,Analytics & Visualization,Sustainability,Netherlands,Other,2009,
28.0,CONSULTING,Accenture,Singapore's Future of City's Innovation Hub,INITIATIVE,Ongoing,Data Analytics,Analytics & Visualization,Decision Making,Singapore,Other,ongoing,2021
28.0,CONSULTING,Accenture,Singapore's Future of City's Innovation Hub,INITIATIVE,Ongoing,Advanced analytics,Analytics & Visualization,Decision Making,Singapore,Other,ongoing,2021
28.0,CONSULTING,Accenture,Singapore's Future of City's Innovation Hub,INITIATIVE,Ongoing,AI,Analytics & Visualization,Decision Making,Singapore,Other,ongoing,2021
28.0,CONSULTING,Accenture,Singapore's Future of City's Innovation Hub,INITIATIVE,Ongoing,Digital Twins,Analytics & Visualization,Decision Making,Singapore,Other,ongoing,2021
29.0,CONSULTING,BCG,BCG Digital Ventures (BCG X),INITIATIVE,Ongoing,Data Analytics,Analytics & Visualization,Decision Making,nil,Other,ongoing,2014
29.0,CONSULTING,BCG,BCG Digital Ventures (BCG X),INITIATIVE,Ongoing,Software Tech,Analytics & Visualization,Decision Making,nil,Other,ongoing,2014
29.0,CONSULTING,BCG,BCG Digital Ventures (BCG X),INITIATIVE,Ongoing,DevOps,Analytics & Visualization,Decision Making,nil,Other,ongoing,2014
30.0,CONSULTING,BCG,BCG Henderson Institute,INITIATIVE,Ongoing,AI,Analytics & Visualization,Decision Making,nil,Other,ongoing,2015
30.0,CONSULTING,BCG,BCG Henderson Institute,INITIATIVE,Ongoing,Deep Tech,Analytics & Visualization,Decision Making,nil,Other,ongoing,2015
30.0,CONSULTING,BCG,BCG Henderson Institute,INITIATIVE,Ongoing,Data Analytics,Analytics & Visualization,Decision Making,nil,Other,ongoing,2015
30.0,CONSULTING,BCG,BCG Henderson Institute,INITIATIVE,Ongoing,Data Visualisation,Analytics & Visualization,Decision Making,nil,Other,ongoing,2015
31.0,CONSULTING,BCG,UP42 (BCG X),PRODUCT,Completed,AI,Analytics & Visualization,Decision Making,Germany,Other,2019,
31.0,CONSULTING,BCG,UP42 (BCG X),PRODUCT,Completed,Machine Learning,Analytics & Visualization,Decision Making,Germany,Other,2019,
31.0,CONSULTING,BCG,UP42 (BCG X),PRODUCT,Completed,Platform,Analytics & Visualization,Decision Making,Germany,Other,2019,
31.0,CONSULTING,BCG,UP42 (BCG X),PRODUCT,Completed,API,Analytics & Visualization,Decision Making,Germany,Other,2019,
31.0,CONSULTING,BCG,UP42 (BCG X),PRODUCT,Completed,Satellite,Analytics & Visualization,Decision Making,Germany,Other,2019,
31.0,CONSULTING,BCG,UP42 (BCG X),PRODUCT,Completed,GIS,Analytics & Visualization,Decision Making,Germany,Other,2019,
32.0,CONSULTING,BCG,Machines Max (BCG X),PRODUCT,Completed,IoT,Analytics & Visualization,Decision Making,"UK, India",Other,2018,
32.0,CONSULTING,BCG,Machines Max (BCG X),PRODUCT,Completed,Hardware,Analytics & Visualization,Decision Making,"UK, India",Other,2018,
32.0,CONSULTING,BCG,Machines Max (BCG X),PRODUCT,Completed,Cloud,Analytics & Visualization,Decision Making,"UK, India",Other,2018,
32.0,CONSULTING,BCG,Machines Max (BCG X),PRODUCT,Completed,Digital Twins,Analytics & Visualization,Decision Making,"UK, India",Other,2018,
33.0,CONSULTING,BCG,"Beijing Strategic for Urban District, Tongzhou",URBAN DESIGN,Completed,Data Science,AI & Machine Learning,Sustainability,China,Asia,,
33.0,CONSULTING,BCG,"Beijing Strategic for Urban District, Tongzhou",URBAN DESIGN,Completed,Data Analytics,AI & Machine Learning,Sustainability,China,Asia,,
33.0,CONSULTING,BCG,"Beijing Strategic for Urban District, Tongzhou",URBAN DESIGN,Completed,Data Spaces,AI & Machine Learning,Sustainability,China,Asia,,
33.0,CONSULTING,BCG,"Beijing Strategic for Urban District, Tongzhou",URBAN DESIGN,Completed,Software Tech & Computing,AI & Machine Learning,Sustainability,China,Asia,,
33.0,CONSULTING,BCG,"Beijing Strategic for Urban District, Tongzhou",URBAN DESIGN,Completed,Digital Connectivity Tech,AI & Machine Learning,Sustainability,China,Asia,,
33.0,CONSULTING,BCG,"Beijing Strategic for Urban District, Tongzhou",URBAN DESIGN,Completed,Open access data platform,AI & Machine Learning,Sustainability,China,Asia,,
34.0,CONSULTING,Deloitte,Smart City's Solution Centre,INITIATIVE,Ongoing,Urban OS,Analytics & Visualization,Decision Making,Portugal,Other,ongoing,
34.0,CONSULTING,Deloitte,Smart City's Solution Centre,INITIATIVE,Ongoing,AI,Analytics & Visualization,Decision Making,Portugal,Other,ongoing,
34.0,CONSULTING,Deloitte,Smart City's Solution Centre,INITIATIVE,Ongoing,Data Science,Analytics & Visualization,Decision Making,Portugal,Other,ongoing,
35.0,CONSULTING,Deloitte,Cascais Digital Command Center,INFRASTRUCTURE,Ongoing,Cloud Based Digital Command Center,Analytics & Visualization,Decision Making,Portugal,Other,ongoing,
35.0,CONSULTING,Deloitte,Cascais Digital Command Center,INFRASTRUCTURE,Ongoing,Data Visualisation,Analytics & Visualization,Decision Making,Portugal,Other,ongoing,
35.0,CONSULTING,Deloitte,Cascais Digital Command Center,INFRASTRUCTURE,Ongoing,Data Analytics,Analytics & Visualization,Decision Making,Portugal,Other,ongoing,
35.0,CONSULTING,Deloitte,Cascais Digital Command Center,INFRASTRUCTURE,Ongoing,Digital Operation Centralisation,Analytics & Visualization,Decision Making,Portugal,Other,ongoing,
35.0,CONSULTING,Deloitte,Cascais Digital Command Center,INFRASTRUCTURE,Ongoing,Mobile Application,Analytics & Visualization,Decision Making,Portugal,Other,ongoing,
36.0,CONSULTING,Deloitte,Deloitte Insights,INITIATIVE,Ongoing,Data Analytics,Analytics & Visualization,Customer Centricity,nil,Other,ongoing,
36.0,CONSULTING,Deloitte,Deloitte Insights,INITIATIVE,Ongoing,Research,Analytics & Visualization,Customer Centricity,nil,Other,ongoing,
36.0,CONSULTING,Deloitte,Deloitte Insights,INITIATIVE,Ongoing,API,Analytics & Visualization,Customer Centricity,nil,Other,ongoing,
36.0,CONSULTING,Deloitte,Deloitte Insights,INITIATIVE,Ongoing,Data Visualisation,Analytics & Visualization,Customer Centricity,nil,Other,ongoing,
37.0,CONSULTING,Deloitte,SmartMove Brussels,PRODUCT,Completed,Urban OS,Analytics & Visualization,Decision Making,Belgium,Other,2019,
37.0,CONSULTING,Deloitte,SmartMove Brussels,PRODUCT,Completed,AI,Analytics & Visualization,Decision Making,Belgium,Other,2019,
37.0,CONSULTING,Deloitte,SmartMove Brussels,PRODUCT,Completed,Data Science,Analytics & Visualization,Decision Making,Belgium,Other,2019,
38.0,CONSULTING,Deloitte,CitySynergy,INITIATIVE,Ongoing,Platform,AI & Machine Learning,Decision Making,nil,Other,ongoing,
38.0,CONSULTING,Deloitte,CitySynergy,INITIATIVE,Ongoing,Digital Twin,AI & Machine Learning,Decision Making,nil,Other,ongoing,
38.0,CONSULTING,Deloitte,CitySynergy,INITIATIVE,Ongoing,Process Automation,AI & Machine Learning,Decision Making,nil,Other,ongoing,
38.0,CONSULTING,Deloitte,CitySynergy,INITIATIVE,Ongoing,AI,AI & Machine Learning,Decision Making,nil,Other,ongoing,
38.0,CONSULTING,Deloitte,CitySynergy,INITIATIVE,Ongoing,Dashboard Silos Integration,AI & Machine Learning,Decision Making,nil,Other,ongoing,
38.0,CONSULTING,Deloitte,CitySynergy,INITIATIVE,Ongoing,IoT Intergration,AI & Machine Learning,Decision Making,nil,Other,ongoing,
43.0,CONSULTING,KPMG,WIL Core Infrastructure,PRODUCT,Completed,Data Analytics,Analytics & Visualization,Decision Making,Hong Kong,Other,2021,
43.0,CONSULTING,KPMG,WIL Core Infrastructure,PRODUCT,Completed,Data Aggregation,Analytics & Visualization,Decision Making,Hong Kong,Other,2021,
43.0,CONSULTING,KPMG,WIL Core Infrastructure,PRODUCT,Completed,GIS,Analytics & Visualization,Decision Making,Hong Kong,Other,2021,
43.0,CONSULTING,KPMG,WIL Core Infrastructure,PRODUCT,Completed,Cloud Computing,Analytics & Visualization,Decision Making,Hong Kong,Other,2021,
43.0,CONSULTING,KPMG,WIL Core Infrastructure,PRODUCT,Completed,Platform,Analytics & Visualization,Decision Making,Hong Kong,Other,2021,
43.0,CONSULTING,KPMG,WIL Core Infrastructure,PRODUCT,Completed,Software Tech,Analytics & Visualization,Decision Making,Hong Kong,Other,2021,
43.0,CONSULTING,KPMG,WIL Core Infrastructure,PRODUCT,Completed,Blockchain,Analytics & Visualization,Decision Making,Hong Kong,Other,2021,
43.0,CONSULTING,KPMG,WIL Core Infrastructure,PRODUCT,Completed,API,Analytics & Visualization,Decision Making,Hong Kong,Other,2021,
44.0,CONSULTING,KPMG,KPMG Smart Grants Platform,PRODUCT,Completed,AI,AI & Machine Learning,Decision Making,USA,North America,2023,
44.0,CONSULTING,KPMG,KPMG Smart Grants Platform,PRODUCT,Completed,Automation,AI & Machine Learning,Decision Making,USA,North America,2023,
44.0,CONSULTING,KPMG,KPMG Smart Grants Platform,PRODUCT,Completed,Platform,AI & Machine Learning,Decision Making,USA,North America,2023,
45.0,CONSULTING,KPMG,pyAX Designing Tool for Bus Open Data Service,INITIATIVE,Completed,Data Analytics,Analytics & Visualization,Decision Making,UK,Other,2022,
45.0,CONSULTING,KPMG,pyAX Designing Tool for Bus Open Data Service,INITIATIVE,Completed,Data Processing,Analytics & Visualization,Decision Making,UK,Other,2022,
45.0,CONSULTING,KPMG,pyAX Designing Tool for Bus Open Data Service,INITIATIVE,Completed,Data Visualisation,Analytics & Visualization,Decision Making,UK,Other,2022,
45.0,CONSULTING,KPMG,pyAX Designing Tool for Bus Open Data Service,INITIATIVE,Completed,Automation,Analytics & Visualization,Decision Making,UK,Other,2022,
45.0,CONSULTING,KPMG,pyAX Designing Tool for Bus Open Data Service,INITIATIVE,Completed,API,Analytics & Visualization,Decision Making,UK,Other,2022,
45.0,CONSULTING,KPMG,pyAX Designing Tool for Bus Open Data Service,INITIATIVE,Completed,Dashboard,Analytics & Visualization,Decision Making,UK,Other,2022,
46.0,CONSULTING,KPMG,Coupa Implementation,PRODUCT,Completed,Data Analytics,Analytics & Visualization,Decision Making,China,Asia,,
46.0,CONSULTING,KPMG,Coupa Implementation,PRODUCT,Completed,P2P,Analytics & Visualization,Decision Making,China,Asia,,
46.0,CONSULTING,KPMG,Coupa Implementation,PRODUCT,Completed,Platform,Analytics & Visualization,Decision Making,China,Asia,,
46.0,CONSULTING,KPMG,Coupa Implementation,PRODUCT,Completed,Data Aggregation,Analytics & Visualization,Decision Making,China,Asia,,
46.0,CONSULTING,KPMG,Coupa Implementation,PRODUCT,Completed,Automation,Analytics & Visualization,Decision Making,China,Asia,,
46.0,CONSULTING,KPMG,Coupa Implementation,PRODUCT,Completed,API,Analytics & Visualization,Decision Making,China,Asia,,
47.0,CONSULTING,KPMG,The Future of Cities Report,RESEARCH,Completed,Data Analytics,Analytics & Visualization,Customer Centricity,Global,Other,2021,
47.0,CONSULTING,KPMG,The Future of Cities Report,RESEARCH,Completed,Data Visualisation,Analytics & Visualization,Customer Centricity,Global,Other,2021,
48.0,CONSULTING,Mott MacDonald,Osprey,PRODUCT,Completed,Database,Data Governance & Interoperability,Decision Making,UK,Other,2019,
48.0,CONSULTING,Mott MacDonald,Osprey,PRODUCT,Completed,Data Analytics,Data Governance & Interoperability,Decision Making,UK,Other,2019,
48.0,CONSULTING,Mott MacDonald,Osprey,PRODUCT,Completed,Data Visualisation,Data Governance & Interoperability,Decision Making,UK,Other,2019,
48.0,CONSULTING,Mott MacDonald,Osprey,PRODUCT,Completed,Data Aggregation,Data Governance & Interoperability,Decision Making,UK,Other,2019,
48.0,CONSULTING,Mott MacDonald,Osprey,PRODUCT,Completed,Automation,Data Governance & Interoperability,Decision Making,UK,Other,2019,
48.0,CONSULTING,Mott MacDonald,Osprey,PRODUCT,Completed,Dashboard,Data Governance & Interoperability,Decision Making,UK,Other,2019,
48.0,CONSULTING,Mott MacDonald,Osprey,PRODUCT,Completed,Platform,Data Governance & Interoperability,Decision Making,UK,Other,2019,
48.0,CONSULTING,Mott MacDonald,Osprey,PRODUCT,Completed,User Interface,Data Governance & Interoperability,Decision Making,UK,Other,2019,
48.0,CONSULTING,Mott MacDonald,Osprey,PRODUCT,Completed,Cloud,Data Governance & Interoperability,Decision Making,UK,Other,2019,
49.0,CONSULTING,Mott MacDonald,Wimbledon 400kV substation,BUILDING,Completed,Building Information Modeling,Analytics & Visualization,Decision Making,UK,Other,2011,
49.0,CONSULTING,Mott MacDonald,Wimbledon 400kV substation,BUILDING,Completed,3D Modelling,Analytics & Visualization,Decision Making,UK,Other,2011,
49.0,CONSULTING,Mott MacDonald,Wimbledon 400kV substation,BUILDING,Completed,Data Visualisation,Analytics & Visualization,Decision Making,UK,Other,2011,
49.0,CONSULTING,Mott MacDonald,Wimbledon 400kV substation,BUILDING,Completed,Parametric Modelling,Analytics & Visualization,Decision Making,UK,Other,2011,
50.0,CONSULTING,Mott MacDonald,Delivering the Next Generation of Hospitals,INITIATIVE,Ongoing,Data Analytics,Analytics & Visualization,Sustainability,UK,Other,ongoing,
50.0,CONSULTING,Mott MacDonald,Delivering the Next Generation of Hospitals,INITIATIVE,Ongoing,Data Visualisation,Analytics & Visualization,Sustainability,UK,Other,ongoing,
51.0,CONSULTING,Mott MacDonald,Moata Smart Energy,PRODUCT,Ongoing,Data Analytics,Analytics & Visualization,Decision Making,UK,Other,ongoing,
51.0,CONSULTING,Mott MacDonald,Moata Smart Energy,PRODUCT,Ongoing,Machine Learning,Analytics & Visualization,Decision Making,UK,Other,ongoing,
51.0,CONSULTING,Mott MacDonald,Moata Smart Energy,PRODUCT,Ongoing,Data Visualisation,Analytics & Visualization,Decision Making,UK,Other,ongoing,
51.0,CONSULTING,Mott MacDonald,Moata Smart Energy,PRODUCT,Ongoing,Platofrm,Analytics & Visualization,Decision Making,UK,Other,ongoing,
51.0,CONSULTING,Mott MacDonald,Moata Smart Energy,PRODUCT,Ongoing,User Interface,Analytics & Visualization,Decision Making,UK,Other,ongoing,
51.0,CONSULTING,Mott MacDonald,Moata Smart Energy,PRODUCT,Ongoing,Data Aggregation,Analytics & Visualization,Decision Making,UK,Other,ongoing,
51.0,CONSULTING,Mott MacDonald,Moata Smart Energy,PRODUCT,Ongoing,Automation,Analytics & Visualization,Decision Making,UK,Other,ongoing,
52.0,CONSULTING,Arcadis,IBI Group Bristol Operations Centre,INITIATIVE,Completed,City OS,Analytics & Visualization,Decision Making,UK,Other,2016,
52.0,CONSULTING,Arcadis,IBI Group Bristol Operations Centre,INITIATIVE,Completed,Dashboard,Analytics & Visualization,Decision Making,UK,Other,2016,
52.0,CONSULTING,Arcadis,IBI Group Bristol Operations Centre,INITIATIVE,Completed,Platform,Analytics & Visualization,Decision Making,UK,Other,2016,
52.0,CONSULTING,Arcadis,IBI Group Bristol Operations Centre,INITIATIVE,Completed,API,Analytics & Visualization,Decision Making,UK,Other,2016,
52.0,CONSULTING,Arcadis,IBI Group Bristol Operations Centre,INITIATIVE,Completed,Big data computation,Analytics & Visualization,Decision Making,UK,Other,2016,
52.0,CONSULTING,Arcadis,IBI Group Bristol Operations Centre,INITIATIVE,Completed,Data Analytics,Analytics & Visualization,Decision Making,UK,Other,2016,
52.0,CONSULTING,Arcadis,IBI Group Bristol Operations Centre,INITIATIVE,Completed,Data Integration,Analytics & Visualization,Decision Making,UK,Other,2016,
52.0,CONSULTING,Arcadis,IBI Group Bristol Operations Centre,INITIATIVE,Completed,Opendata,Analytics & Visualization,Decision Making,UK,Other,2016,
53.0,CONSULTING,Arcadis,CurbIQ Dublin Digital Mapping,PRODUCT,Completed,Hardware sensing,Analytics & Visualization,Decision Making,Ireland,Other,2022,
53.0,CONSULTING,Arcadis,CurbIQ Dublin Digital Mapping,PRODUCT,Completed,Data processing,Analytics & Visualization,Decision Making,Ireland,Other,2022,
53.0,CONSULTING,Arcadis,CurbIQ Dublin Digital Mapping,PRODUCT,Completed,Digital Mapping,Analytics & Visualization,Decision Making,Ireland,Other,2022,
53.0,CONSULTING,Arcadis,CurbIQ Dublin Digital Mapping,PRODUCT,Completed,API,Analytics & Visualization,Decision Making,Ireland,Other,2022,
53.0,CONSULTING,Arcadis,CurbIQ Dublin Digital Mapping,PRODUCT,Completed,Data Visualisation,Analytics & Visualization,Decision Making,Ireland,Other,2022,
53.0,CONSULTING,Arcadis,CurbIQ Dublin Digital Mapping,PRODUCT,Completed,Software Tech,Analytics & Visualization,Decision Making,Ireland,Other,2022,
53.0,CONSULTING,Arcadis,CurbIQ Dublin Digital Mapping,PRODUCT,Completed,Platform',Analytics & Visualization,Decision Making,Ireland,Other,2022,
54.0,CONSULTING,Arcadis,511NY Travel Information System,PRODUCT,Completed,Mobile sensing,Analytics & Visualization,Decision Making,USA,North America,2015,
54.0,CONSULTING,Arcadis,511NY Travel Information System,PRODUCT,Completed,Data Analytics,Analytics & Visualization,Decision Making,USA,North America,2015,
54.0,CONSULTING,Arcadis,511NY Travel Information System,PRODUCT,Completed,Data Fusion,Analytics & Visualization,Decision Making,USA,North America,2015,
54.0,CONSULTING,Arcadis,511NY Travel Information System,PRODUCT,Completed,Big data computation,Analytics & Visualization,Decision Making,USA,North America,2015,
54.0,CONSULTING,Arcadis,511NY Travel Information System,PRODUCT,Completed,GIS,Analytics & Visualization,Decision Making,USA,North America,2015,
54.0,CONSULTING,Arcadis,511NY Travel Information System,PRODUCT,Completed,Platform,Analytics & Visualization,Decision Making,USA,North America,2015,
54.0,CONSULTING,Arcadis,511NY Travel Information System,PRODUCT,Completed,Software Tech,Analytics & Visualization,Decision Making,USA,North America,2015,
54.0,CONSULTING,Arcadis,511NY Travel Information System,PRODUCT,Completed,Digital Web,Analytics & Visualization,Decision Making,USA,North America,2015,
54.0,CONSULTING,Arcadis,511NY Travel Information System,PRODUCT,Completed,Mobile Interface,Analytics & Visualization,Decision Making,USA,North America,2015,
55.0,CONSULTING,Arcadis,Geofluxus,PRODUCT,Completed,Data Analytics,Analytics & Visualization,Decision Making,Netherlands,Other,2019,
55.0,CONSULTING,Arcadis,Geofluxus,PRODUCT,Completed,Advanced analytics,Analytics & Visualization,Decision Making,Netherlands,Other,2019,
55.0,CONSULTING,Arcadis,Geofluxus,PRODUCT,Completed,Machine learning,Analytics & Visualization,Decision Making,Netherlands,Other,2019,
55.0,CONSULTING,Arcadis,Geofluxus,PRODUCT,Completed,Geo-spatial mapping,Analytics & Visualization,Decision Making,Netherlands,Other,2019,
55.0,CONSULTING,Arcadis,Geofluxus,PRODUCT,Completed,Platform,Analytics & Visualization,Decision Making,Netherlands,Other,2019,
56.0,CONSULTING,Stantec,ADEPT Thames Valley Live lab,INFRASTRUCTURE,Completed,Machine Learning,Analytics & Visualization,Decision Making,England,Other,2022,
56.0,CONSULTING,Stantec,ADEPT Thames Valley Live lab,INFRASTRUCTURE,Completed,AI,Analytics & Visualization,Decision Making,England,Other,2022,
56.0,CONSULTING,Stantec,ADEPT Thames Valley Live lab,INFRASTRUCTURE,Completed,Advanced analytics,Analytics & Visualization,Decision Making,England,Other,2022,
56.0,CONSULTING,Stantec,ADEPT Thames Valley Live lab,INFRASTRUCTURE,Completed,Dashboard,Analytics & Visualization,Decision Making,England,Other,2022,
56.0,CONSULTING,Stantec,ADEPT Thames Valley Live lab,INFRASTRUCTURE,Completed,Platform,Analytics & Visualization,Decision Making,England,Other,2022,
56.0,CONSULTING,Stantec,ADEPT Thames Valley Live lab,INFRASTRUCTURE,Completed,Software Tech,Analytics & Visualization,Decision Making,England,Other,2022,
57.0,CONSULTING,Stantec,Stantac.io,INITIATIVE,Ongoing,Cloud computing,AI & Machine Learning,Sustainability,USA,North America,ongoing,
57.0,CONSULTING,Stantec,Stantac.io,INITIATIVE,Ongoing,machine learning,AI & Machine Learning,Sustainability,USA,North America,ongoing,
57.0,CONSULTING,Stantec,Stantac.io,INITIATIVE,Ongoing,AR/VR,AI & Machine Learning,Sustainability,USA,North America,ongoing,
57.0,CONSULTING,Stantec,Stantac.io,INITIATIVE,Ongoing,Parametric Design,AI & Machine Learning,Sustainability,USA,North America,ongoing,
57.0,CONSULTING,Stantec,Stantac.io,INITIATIVE,Ongoing,blockchain,AI & Machine Learning,Sustainability,USA,North America,ongoing,
57.0,CONSULTING,Stantec,Stantac.io,INITIATIVE,Ongoing,digital twins,AI & Machine Learning,Sustainability,USA,North America,ongoing,
57.0,CONSULTING,Stantec,Stantac.io,INITIATIVE,Ongoing,IoT,AI & Machine Learning,Sustainability,USA,North America,ongoing,
57.0,CONSULTING,Stantec,Stantac.io,INITIATIVE,Ongoing,Edge computing,AI & Machine Learning,Sustainability,USA,North America,ongoing,
58.0,CONSULTING,Stantec,Flood Predictor,PRODUCT,Completed,Machine Learning,Analytics & Visualization,Decision Making,USA,North America,2022,
58.0,CONSULTING,Stantec,Flood Predictor,PRODUCT,Completed,big data computation,Analytics & Visualization,Decision Making,USA,North America,2022,
58.0,CONSULTING,Stantec,Flood Predictor,PRODUCT,Completed,Platform,Analytics & Visualization,Decision Making,USA,North America,2022,
58.0,CONSULTING,Stantec,Flood Predictor,PRODUCT,Completed,GIS,Analytics & Visualization,Decision Making,USA,North America,2022,
59.0,CONSULTING,Stantec,Transport Canada CI Application Program,INFRASTRUCTURE,Completed,Data Analytics,Analytics & Visualization,Decision Making,Canada,Other,,
59.0,CONSULTING,Stantec,Transport Canada CI Application Program,INFRASTRUCTURE,Completed,Advanced Analytics,Analytics & Visualization,Decision Making,Canada,Other,,
59.0,CONSULTING,Stantec,Transport Canada CI Application Program,INFRASTRUCTURE,Completed,Natural Language Processing,Analytics & Visualization,Decision Making,Canada,Other,,
59.0,CONSULTING,Stantec,Transport Canada CI Application Program,INFRASTRUCTURE,Completed,Machine Learning,Analytics & Visualization,Decision Making,Canada,Other,,
60.0,CONSULTING,Stantec,Smart Technology for Greystar Australia,INFRASTRUCTURE,Ongoing,Hardware Sensing,Analytics & Visualization,Decision Making,Australia,Other,2024,
60.0,CONSULTING,Stantec,Smart Technology for Greystar Australia,INFRASTRUCTURE,Ongoing,IoT,Analytics & Visualization,Decision Making,Australia,Other,2024,
60.0,CONSULTING,Stantec,Smart Technology for Greystar Australia,INFRASTRUCTURE,Ongoing,Data Analytics,Analytics & Visualization,Decision Making,Australia,Other,2024,
60.0,CONSULTING,Stantec,Smart Technology for Greystar Australia,INFRASTRUCTURE,Ongoing,Platform,Analytics & Visualization,Decision Making,Australia,Other,2024,
60.0,CONSULTING,Stantec,Smart Technology for Greystar Australia,INFRASTRUCTURE,Ongoing,Software Tech,Analytics & Visualization,Decision Making,Australia,Other,2024,
61.0,CONSULTING,PWC,Mumbai and Pune Surveillance,INFRASTRUCTURE,Ongoing,Hardware sensing,Analytics & Visualization,Flexibility,India,Other,ongoing,
61.0,CONSULTING,PWC,Mumbai and Pune Surveillance,INFRASTRUCTURE,Ongoing,IoT,Analytics & Visualization,Flexibility,India,Other,ongoing,
61.0,CONSULTING,PWC,Mumbai and Pune Surveillance,INFRASTRUCTURE,Ongoing,Platform,Analytics & Visualization,Flexibility,India,Other,ongoing,
61.0,CONSULTING,PWC,Mumbai and Pune Surveillance,INFRASTRUCTURE,Ongoing,Data Analytics,Analytics & Visualization,Flexibility,India,Other,ongoing,
61.0,CONSULTING,PWC,Mumbai and Pune Surveillance,INFRASTRUCTURE,Ongoing,Data Processing,Analytics & Visualization,Flexibility,India,Other,ongoing,
61.0,CONSULTING,PWC,Mumbai and Pune Surveillance,INFRASTRUCTURE,Ongoing,Data Visualisation,Analytics & Visualization,Flexibility,India,Other,ongoing,
62.0,CONSULTING,PWC,PWC Insights,INITIATIVE,Ongoing,Data Analytics,Analytics & Visualization,Customer Centricity,nil,Other,ongoing,
62.0,CONSULTING,PWC,PWC Insights,INITIATIVE,Ongoing,Data Visualisation,Analytics & Visualization,Customer Centricity,nil,Other,ongoing,
63.0,CONSULTING,PWC,Smart City Prague,PRODUCT,Completed,City OS,Analytics & Visualization,Decision Making,Czech Republic,Other,2020,
63.0,CONSULTING,PWC,Smart City Prague,PRODUCT,Completed,Platform,Analytics & Visualization,Decision Making,Czech Republic,Other,2020,
63.0,CONSULTING,PWC,Smart City Prague,PRODUCT,Completed,Big data computation,Analytics & Visualization,Decision Making,Czech Republic,Other,2020,
63.0,CONSULTING,PWC,Smart City Prague,PRODUCT,Completed,Data Analytics,Analytics & Visualization,Decision Making,Czech Republic,Other,2020,
64.0,CONSULTING,PWC,Strategy&: Inverting the Transport Pyramid,RESEARCH,Completed,Data Analytics,Analytics & Visualization,Customer Centricity,nil,Other,2021,
64.0,CONSULTING,PWC,Strategy&: Inverting the Transport Pyramid,RESEARCH,Completed,Data Visualisation,Analytics & Visualization,Customer Centricity,nil,Other,2021,
65.0,CONSULTING,PWC,Digital Solutions for Aukland Transport,INFRASTRUCTURE,Completed,Mobile Application,Analytics & Visualization,Decision Making,New Zealand,Other,2016,
65.0,CONSULTING,PWC,Digital Solutions for Aukland Transport,INFRASTRUCTURE,Completed,AI,Analytics & Visualization,Decision Making,New Zealand,Other,2016,
65.0,CONSULTING,PWC,Digital Solutions for Aukland Transport,INFRASTRUCTURE,Completed,Data Analytics,Analytics & Visualization,Decision Making,New Zealand,Other,2016,
65.0,CONSULTING,PWC,Digital Solutions for Aukland Transport,INFRASTRUCTURE,Completed,Real-time,Analytics & Visualization,Decision Making,New Zealand,Other,2016,
65.0,CONSULTING,PWC,Digital Solutions for Aukland Transport,INFRASTRUCTURE,Completed,Cloud Computing,Analytics & Visualization,Decision Making,New Zealand,Other,2016,
65.0,CONSULTING,PWC,Digital Solutions for Aukland Transport,INFRASTRUCTURE,Completed,Big Data Computation,Analytics & Visualization,Decision Making,New Zealand,Other,2016,
65.0,CONSULTING,PWC,Digital Solutions for Aukland Transport,INFRASTRUCTURE,Completed,API Hub,Analytics & Visualization,Decision Making,New Zealand,Other,2016,
65.0,CONSULTING,PWC,Digital Solutions for Aukland Transport,INFRASTRUCTURE,Completed,Automation,Analytics & Visualization,Decision Making,New Zealand,Other,2016,
66.0,CONSULTING,WSP,San Franciso International Airport,INFRASTRUCTURE,Completed,IoT,Analytics & Visualization,Flexibility,USA,North America,2014,
66.0,CONSULTING,WSP,San Franciso International Airport,INFRASTRUCTURE,Completed,Platform,Analytics & Visualization,Flexibility,USA,North America,2014,
66.0,CONSULTING,WSP,San Franciso International Airport,INFRASTRUCTURE,Completed,User Interface,Analytics & Visualization,Flexibility,USA,North America,2014,
67.0,CONSULTING,WSP,Helsingborg Smart City: Future Outdoor Lighting & IoT,INFRASTRUCTURE,Completed,Hardware Sensing,Analytics & Visualization,Decision Making,Sweden,Other,2022,
67.0,CONSULTING,WSP,Helsingborg Smart City: Future Outdoor Lighting & IoT,INFRASTRUCTURE,Completed,IoT,Analytics & Visualization,Decision Making,Sweden,Other,2022,
67.0,CONSULTING,WSP,Helsingborg Smart City: Future Outdoor Lighting & IoT,INFRASTRUCTURE,Completed,Data Analytics,Analytics & Visualization,Decision Making,Sweden,Other,2022,
67.0,CONSULTING,WSP,Helsingborg Smart City: Future Outdoor Lighting & IoT,INFRASTRUCTURE,Completed,GIS,Analytics & Visualization,Decision Making,Sweden,Other,2022,
67.0,CONSULTING,WSP,Helsingborg Smart City: Future Outdoor Lighting & IoT,INFRASTRUCTURE,Completed,Platform,Analytics & Visualization,Decision Making,Sweden,Other,2022,
67.0,CONSULTING,WSP,Helsingborg Smart City: Future Outdoor Lighting & IoT,INFRASTRUCTURE,Completed,Urban OS,Analytics & Visualization,Decision Making,Sweden,Other,2022,
68.0,CONSULTING,WSP,Shanghai West Bund AI Tower,BUILDING,Completed,Hardware Sensing,Analytics & Visualization,Decision Making,China,Asia,2020,
68.0,CONSULTING,WSP,Shanghai West Bund AI Tower,BUILDING,Completed,IoT,Analytics & Visualization,Decision Making,China,Asia,2020,
68.0,CONSULTING,WSP,Shanghai West Bund AI Tower,BUILDING,Completed,Platform,Analytics & Visualization,Decision Making,China,Asia,2020,
68.0,CONSULTING,WSP,Shanghai West Bund AI Tower,BUILDING,Completed,Building Information Modeling,Analytics & Visualization,Decision Making,China,Asia,2020,
68.0,CONSULTING,WSP,Shanghai West Bund AI Tower,BUILDING,Completed,Digital Twins,Analytics & Visualization,Decision Making,China,Asia,2020,
68.0,CONSULTING,WSP,Shanghai West Bund AI Tower,BUILDING,Completed,Platform,Analytics & Visualization,Decision Making,China,Asia,2020,
68.0,CONSULTING,WSP,Shanghai West Bund AI Tower,BUILDING,Completed,User Interface,Analytics & Visualization,Decision Making,China,Asia,2020,
68.0,CONSULTING,WSP,Shanghai West Bund AI Tower,BUILDING,Completed,Software Tech,Analytics & Visualization,Decision Making,China,Asia,2020,
68.0,CONSULTING,WSP,Shanghai West Bund AI Tower,BUILDING,Completed,Real time,Analytics & Visualization,Decision Making,China,Asia,2020,
69.0,CONSULTING,WSP,Office of the Future,INITIATIVE,Completed,Data Analytics,Analytics & Visualization,Customer Centricity,nil,Other,2022,
69.0,CONSULTING,WSP,Office of the Future,INITIATIVE,Completed,Data Visualisation,Analytics & Visualization,Customer Centricity,nil,Other,2022,
70.0,CONSULTING,WSP,14TH@IRVING,BUILDING,Completed,Hardware Sensing,Analytics & Visualization,Decision Making,USA,North America,2018,
70.0,CONSULTING,WSP,14TH@IRVING,BUILDING,Completed,Mobile Application,Analytics & Visualization,Decision Making,USA,North America,2018,
70.0,CONSULTING,WSP,14TH@IRVING,BUILDING,Completed,User Interface,Analytics & Visualization,Decision Making,USA,North America,2018,
70.0,CONSULTING,WSP,14TH@IRVING,BUILDING,Completed,IoT,Analytics & Visualization,Decision Making,USA,North America,2018,
70.0,CONSULTING,WSP,14TH@IRVING,BUILDING,Completed,Data Analytics,Analytics & Visualization,Decision Making,USA,North America,2018,
70.0,CONSULTING,WSP,14TH@IRVING,BUILDING,Completed,AI,Analytics & Visualization,Decision Making,USA,North America,2018,
70.0,CONSULTING,WSP,14TH@IRVING,BUILDING,Completed,Computational Design,Analytics & Visualization,Decision Making,USA,North America,2018,
71.0,TECH,Google,Sidewalk Toronto,URBAN DESIGN,Unknown,Building Information Modeling,Analytics & Visualization,Decision Making,Canada,Other,2020,
71.0,TECH,Google,Sidewalk Toronto,URBAN DESIGN,Unknown,Geometry Generative Design,Analytics & Visualization,Decision Making,Canada,Other,2020,
71.0,TECH,Google,Sidewalk Toronto,URBAN DESIGN,Unknown,Urban Data Analytics,Analytics & Visualization,Decision Making,Canada,Other,2020,
71.0,TECH,Google,Sidewalk Toronto,URBAN DESIGN,Unknown,Real Time Evaluation,Analytics & Visualization,Decision Making,Canada,Other,2020,
71.0,TECH,Google,Sidewalk Toronto,URBAN DESIGN,Unknown,Simulation & Visualization,Analytics & Visualization,Decision Making,Canada,Other,2020,
71.0,TECH,Google,Sidewalk Toronto,URBAN DESIGN,Unknown,Data Interpretation,Analytics & Visualization,Decision Making,Canada,Other,2020,
72.0,TECH,Google,Intersection,PRODUCT,Completed,Hardware Sensing,Analytics & Visualization,Decision Making,USA,North America,2015,
72.0,TECH,Google,Intersection,PRODUCT,Completed,Wireless network,Analytics & Visualization,Decision Making,USA,North America,2015,
72.0,TECH,Google,Intersection,PRODUCT,Completed,IoT,Analytics & Visualization,Decision Making,USA,North America,2015,
72.0,TECH,Google,Intersection,PRODUCT,Completed,Platform,Analytics & Visualization,Decision Making,USA,North America,2015,
72.0,TECH,Google,Intersection,PRODUCT,Completed,User Interface,Analytics & Visualization,Decision Making,USA,North America,2015,
72.0,TECH,Google,Intersection,PRODUCT,Completed,Digital Mapping,Analytics & Visualization,Decision Making,USA,North America,2015,
72.0,TECH,Google,Intersection,PRODUCT,Completed,Hardware Display,Analytics & Visualization,Decision Making,USA,North America,2015,
72.0,TECH,Google,Intersection,PRODUCT,Completed,Human Computer Interaction,Analytics & Visualization,Decision Making,USA,North America,2015,
73.0,TECH,Google,Delve,PRODUCT,Completed,Building Information Modeling,Analytics & Visualization,Decision Making,USA,North America,2020,
73.0,TECH,Google,Delve,PRODUCT,Completed,Generative design,Analytics & Visualization,Decision Making,USA,North America,2020,
73.0,TECH,Google,Delve,PRODUCT,Completed,AI,Analytics & Visualization,Decision Making,USA,North America,2020,
73.0,TECH,Google,Delve,PRODUCT,Completed,Dashboard,Analytics & Visualization,Decision Making,USA,North America,2020,
73.0,TECH,Google,Delve,PRODUCT,Completed,Platform,Analytics & Visualization,Decision Making,USA,North America,2020,
73.0,TECH,Google,Delve,PRODUCT,Completed,User Interface,Analytics & Visualization,Decision Making,USA,North America,2020,
73.0,TECH,Google,Delve,PRODUCT,Completed,Data Analytics,Analytics & Visualization,Decision Making,USA,North America,2020,
73.0,TECH,Google,Delve,PRODUCT,Completed,Data Modelling,Analytics & Visualization,Decision Making,USA,North America,2020,
73.0,TECH,Google,Delve,PRODUCT,Completed,3D Modelling,Analytics & Visualization,Decision Making,USA,North America,2020,
74.0,TECH,Google,Mesa,PRODUCT,Completed,AI,Analytics & Visualization,Decision Making,USA,North America,2020,
74.0,TECH,Google,Mesa,PRODUCT,Completed,Platform,Analytics & Visualization,Decision Making,USA,North America,2020,
74.0,TECH,Google,Mesa,PRODUCT,Completed,IoT,Analytics & Visualization,Decision Making,USA,North America,2020,
74.0,TECH,Google,Mesa,PRODUCT,Completed,Data Annalytics,Analytics & Visualization,Decision Making,USA,North America,2020,
74.0,TECH,Google,Mesa,PRODUCT,Completed,Automation,Analytics & Visualization,Decision Making,USA,North America,2020,
74.0,TECH,Google,Mesa,PRODUCT,Completed,Hardware sensing,Analytics & Visualization,Decision Making,USA,North America,2020,
74.0,TECH,Google,Mesa,PRODUCT,Completed,User Interface,Analytics & Visualization,Decision Making,USA,North America,2020,
74.0,TECH,Google,Mesa,PRODUCT,Completed,Cloud Computing,Analytics & Visualization,Decision Making,USA,North America,2020,
75.0,TECH,Google,Sidewalk Portland,URBAN DESIGN,Unknown,Data Processing,Analytics & Visualization,Sustainability,USA,North America,2021,
75.0,TECH,Google,Sidewalk Portland,URBAN DESIGN,Unknown,Data Analytics,Analytics & Visualization,Sustainability,USA,North America,2021,
75.0,TECH,Google,Sidewalk Portland,URBAN DESIGN,Unknown,AI,Analytics & Visualization,Sustainability,USA,North America,2021,
75.0,TECH,Google,Sidewalk Portland,URBAN DESIGN,Unknown,Mobile Network,Analytics & Visualization,Sustainability,USA,North America,2021,
76.0,TECH,Qualcomm,LinkNYC,INFRASTRUCTURE,Ongoing,Hardware Sensing,Analytics & Visualization,Flexibility,USA,North America,ongoing,2016
76.0,TECH,Qualcomm,LinkNYC,INFRASTRUCTURE,Ongoing,Wireless network,Analytics & Visualization,Flexibility,USA,North America,ongoing,2016
76.0,TECH,Qualcomm,LinkNYC,INFRASTRUCTURE,Ongoing,IoT,Analytics & Visualization,Flexibility,USA,North America,ongoing,2016
76.0,TECH,Qualcomm,LinkNYC,INFRASTRUCTURE,Ongoing,Platform,Analytics & Visualization,Flexibility,USA,North America,ongoing,2016
76.0,TECH,Qualcomm,LinkNYC,INFRASTRUCTURE,Ongoing,User Interface,Analytics & Visualization,Flexibility,USA,North America,ongoing,2016
76.0,TECH,Qualcomm,LinkNYC,INFRASTRUCTURE,Ongoing,Digital Mapping,Analytics & Visualization,Flexibility,USA,North America,ongoing,2016
76.0,TECH,Qualcomm,LinkNYC,INFRASTRUCTURE,Ongoing,Hardware Display,Analytics & Visualization,Flexibility,USA,North America,ongoing,2016
76.0,TECH,Qualcomm,LinkNYC,INFRASTRUCTURE,Ongoing,Human Computer Interaction,Analytics & Visualization,Flexibility,USA,North America,ongoing,2016
77.0,TECH,Qualcomm,Smart Cities Accelerator Program,INITIATIVE,Ongoing,Web Platform,Analytics & Visualization,Flexibility,USA,North America,ongoing,
77.0,TECH,Qualcomm,Smart Cities Accelerator Program,INITIATIVE,Ongoing,Cloud computing,Analytics & Visualization,Flexibility,USA,North America,ongoing,
77.0,TECH,Qualcomm,Smart Cities Accelerator Program,INITIATIVE,Ongoing,User Interface,Analytics & Visualization,Flexibility,USA,North America,ongoing,
78.0,TECH,Qualcomm,Edge AI,PRODUCT,Ongoing,Hardware AI,Cloud/Edge Computing,Flexibility,USA,North America,ongoing,
79.0,TECH,Qualcomm,Wireless Reach FarmPrecise Smart Agriculture,PRODUCT,Completed,Mobile Application,Analytics & Visualization,Decision Making,India,Other,2018,
79.0,TECH,Qualcomm,Wireless Reach FarmPrecise Smart Agriculture,PRODUCT,Completed,AI,Analytics & Visualization,Decision Making,India,Other,2018,
79.0,TECH,Qualcomm,Wireless Reach FarmPrecise Smart Agriculture,PRODUCT,Completed,Data Analytics,Analytics & Visualization,Decision Making,India,Other,2018,
79.0,TECH,Qualcomm,Wireless Reach FarmPrecise Smart Agriculture,PRODUCT,Completed,Hardware Sensing,Analytics & Visualization,Decision Making,India,Other,2018,
79.0,TECH,Qualcomm,Wireless Reach FarmPrecise Smart Agriculture,PRODUCT,Completed,Real-time,Analytics & Visualization,Decision Making,India,Other,2018,
80.0,TECH,Qualcomm,Qualcomm Smart Campus,BUILDING,Ongoing,Edge Intelligence,AI & Machine Learning,Decision Making,USA,North America,ongoing,
80.0,TECH,Qualcomm,Qualcomm Smart Campus,BUILDING,Ongoing,Algorithms,AI & Machine Learning,Decision Making,USA,North America,ongoing,
80.0,TECH,Qualcomm,Qualcomm Smart Campus,BUILDING,Ongoing,Automation,AI & Machine Learning,Decision Making,USA,North America,ongoing,
80.0,TECH,Qualcomm,Qualcomm Smart Campus,BUILDING,Ongoing,Digital Twin,AI & Machine Learning,Decision Making,USA,North America,ongoing,
80.0,TECH,Qualcomm,Qualcomm Smart Campus,BUILDING,Ongoing,Hardware Sensing,AI & Machine Learning,Decision Making,USA,North America,ongoing,
80.0,TECH,Qualcomm,Qualcomm Smart Campus,BUILDING,Ongoing,Cloud Computing,AI & Machine Learning,Decision Making,USA,North America,ongoing,
80.0,TECH,Qualcomm,Qualcomm Smart Campus,BUILDING,Ongoing,IoT,AI & Machine Learning,Decision Making,USA,North America,ongoing,
80.0,TECH,Qualcomm,Qualcomm Smart Campus,BUILDING,Ongoing,Platform,AI & Machine Learning,Decision Making,USA,North America,ongoing,
80.0,TECH,Qualcomm,Qualcomm Smart Campus,BUILDING,Ongoing,User Interface,AI & Machine Learning,Decision Making,USA,North America,ongoing,
80.0,TECH,Qualcomm,Qualcomm Smart Campus,BUILDING,Ongoing,Automation,AI & Machine Learning,Decision Making,USA,North America,ongoing,
80.0,TECH,Qualcomm,Qualcomm Smart Campus,BUILDING,Ongoing,AI,AI & Machine Learning,Decision Making,USA,North America,ongoing,
80.0,TECH,Qualcomm,Qualcomm Smart Campus,BUILDING,Ongoing,Data Visualisation,AI & Machine Learning,Decision Making,USA,North America,ongoing,
81.0,TECH,IBM,"Portland's Smart Cities Initiative, Oregon",PRODUCT,Completed,Simulation,Analytics & Visualization,Decision Making,USA,North America,2011,
81.0,TECH,IBM,"Portland's Smart Cities Initiative, Oregon",PRODUCT,Completed,AR,Analytics & Visualization,Decision Making,USA,North America,2011,
81.0,TECH,IBM,"Portland's Smart Cities Initiative, Oregon",PRODUCT,Completed,Digital Twin,Analytics & Visualization,Decision Making,USA,North America,2011,
81.0,TECH,IBM,"Portland's Smart Cities Initiative, Oregon",PRODUCT,Completed,Data Analytics,Analytics & Visualization,Decision Making,USA,North America,2011,
81.0,TECH,IBM,"Portland's Smart Cities Initiative, Oregon",PRODUCT,Completed,Data Visualisation,Analytics & Visualization,Decision Making,USA,North America,2011,
82.0,TECH,IBM,Dublin's Smart Docklands,URBAN DESIGN,Completed,Hardware,Analytics & Visualization,Decision Making,Ireland,Other,2018,
82.0,TECH,IBM,Dublin's Smart Docklands,URBAN DESIGN,Completed,Edge Computing,Analytics & Visualization,Decision Making,Ireland,Other,2018,
82.0,TECH,IBM,Dublin's Smart Docklands,URBAN DESIGN,Completed,Server Host,Analytics & Visualization,Decision Making,Ireland,Other,2018,
82.0,TECH,IBM,Dublin's Smart Docklands,URBAN DESIGN,Completed,Data processing,Analytics & Visualization,Decision Making,Ireland,Other,2018,
82.0,TECH,IBM,Dublin's Smart Docklands,URBAN DESIGN,Completed,Open Dataset,Analytics & Visualization,Decision Making,Ireland,Other,2018,
84.0,TECH,IBM,IBM Utility Flexibility Platform,PRODUCT,Completed,Hardware sensing,Analytics & Visualization,Decision Making,Denmark,Other,2021,
84.0,TECH,IBM,IBM Utility Flexibility Platform,PRODUCT,Completed,IoT,Analytics & Visualization,Decision Making,Denmark,Other,2021,
84.0,TECH,IBM,IBM Utility Flexibility Platform,PRODUCT,Completed,AI,Analytics & Visualization,Decision Making,Denmark,Other,2021,
84.0,TECH,IBM,IBM Utility Flexibility Platform,PRODUCT,Completed,Blockchain,Analytics & Visualization,Decision Making,Denmark,Other,2021,
84.0,TECH,IBM,IBM Utility Flexibility Platform,PRODUCT,Completed,cloud computing,Analytics & Visualization,Decision Making,Denmark,Other,2021,
85.0,TECH,IBM,Intelligent Operations Center,PRODUCT,Completed,Data Processing,Analytics & Visualization,Decision Making,USA,North America,2011,
85.0,TECH,IBM,Intelligent Operations Center,PRODUCT,Completed,Data Analytics,Analytics & Visualization,Decision Making,USA,North America,2011,
85.0,TECH,IBM,Intelligent Operations Center,PRODUCT,Completed,Deep Analytics,Analytics & Visualization,Decision Making,USA,North America,2011,
85.0,TECH,IBM,Intelligent Operations Center,PRODUCT,Completed,Data Visualisation,Analytics & Visualization,Decision Making,USA,North America,2011,
85.0,TECH,IBM,Intelligent Operations Center,PRODUCT,Completed,Dashboard,Analytics & Visualization,Decision Making,USA,North America,2011,
86.0,TECH,Microsoft,CityNext,PRODUCT,Completed,Web Platform,Analytics & Visualization,Flexibility,Global,Other,2013,
86.0,TECH,Microsoft,CityNext,PRODUCT,Completed,Cloud computing,Analytics & Visualization,Flexibility,Global,Other,2013,
86.0,TECH,Microsoft,CityNext,PRODUCT,Completed,User Interface,Analytics & Visualization,Flexibility,Global,Other,2013,
87.0,TECH,Microsoft,Azure IoT for Smart Cities,PRODUCT,Ongoing,IoT,Analytics & Visualization,Decision Making,Global,Other,ongoing,
87.0,TECH,Microsoft,Azure IoT for Smart Cities,PRODUCT,Ongoing,Real-time Analytics,Analytics & Visualization,Decision Making,Global,Other,ongoing,
87.0,TECH,Microsoft,Azure IoT for Smart Cities,PRODUCT,Ongoing,Cloud computing,Analytics & Visualization,Decision Making,Global,Other,ongoing,
87.0,TECH,Microsoft,Azure IoT for Smart Cities,PRODUCT,Ongoing,Hardware,Analytics & Visualization,Decision Making,Global,Other,ongoing,
87.0,TECH,Microsoft,Azure IoT for Smart Cities,PRODUCT,Ongoing,AI,Analytics & Visualization,Decision Making,Global,Other,ongoing,
88.0,TECH,Microsoft,Azure Digital Twins,PRODUCT,Ongoing,IoT,Analytics & Visualization,Decision Making,Global,Other,ongoing,
88.0,TECH,Microsoft,Azure Digital Twins,PRODUCT,Ongoing,AI,Analytics & Visualization,Decision Making,Global,Other,ongoing,
88.0,TECH,Microsoft,Azure Digital Twins,PRODUCT,Ongoing,Digital Twins,Analytics & Visualization,Decision Making,Global,Other,ongoing,
88.0,TECH,Microsoft,Azure Digital Twins,PRODUCT,Ongoing,Platofrm Tech,Analytics & Visualization,Decision Making,Global,Other,ongoing,
88.0,TECH,Microsoft,Azure Digital Twins,PRODUCT,Ongoing,API,Analytics & Visualization,Decision Making,Global,Other,ongoing,
89.0,TECH,Microsoft,ION Smart and Resilient Cities Accelerator,INITIATIVE,Ongoing,Hardware sensing,AI & Machine Learning,Decision Making,USA,North America,ongoing,
89.0,TECH,Microsoft,ION Smart and Resilient Cities Accelerator,INITIATIVE,Ongoing,Robotics,AI & Machine Learning,Decision Making,USA,North America,ongoing,
89.0,TECH,Microsoft,ION Smart and Resilient Cities Accelerator,INITIATIVE,Ongoing,IoT,AI & Machine Learning,Decision Making,USA,North America,ongoing,
89.0,TECH,Microsoft,ION Smart and Resilient Cities Accelerator,INITIATIVE,Ongoing,GIS,AI & Machine Learning,Decision Making,USA,North America,ongoing,
89.0,TECH,Microsoft,ION Smart and Resilient Cities Accelerator,INITIATIVE,Ongoing,AI,AI & Machine Learning,Decision Making,USA,North America,ongoing,
90.0,TECH,Microsoft,Swedish ClimateView,PRODUCT,Completed,Cloud Platform,AI & Machine Learning,Decision Making,Sweden,Other,2021,
90.0,TECH,Microsoft,Swedish ClimateView,PRODUCT,Completed,Software Tech,AI & Machine Learning,Decision Making,Sweden,Other,2021,
90.0,TECH,Microsoft,Swedish ClimateView,PRODUCT,Completed,Digital Twin,AI & Machine Learning,Decision Making,Sweden,Other,2021,
90.0,TECH,Microsoft,Swedish ClimateView,PRODUCT,Completed,User Platform,AI & Machine Learning,Decision Making,Sweden,Other,2021,
91.0,TECH,Microsoft,TASMU Platform,PRODUCT,Completed,IoT,User Interface/Platform,Decision Making,Qatar,Other,2021,
91.0,TECH,Microsoft,TASMU Platform,PRODUCT,Completed,Cloud Computing,User Interface/Platform,Decision Making,Qatar,Other,2021,
91.0,TECH,Microsoft,TASMU Platform,PRODUCT,Completed,Data Center,User Interface/Platform,Decision Making,Qatar,Other,2021,
91.0,TECH,Microsoft,TASMU Platform,PRODUCT,Completed,Platform Interface,User Interface/Platform,Decision Making,Qatar,Other,2021,
91.0,TECH,Microsoft,TASMU Platform,PRODUCT,Completed,User Interface,User Interface/Platform,Decision Making,Qatar,Other,2021,
92.0,TECH,ABB,Genix Copilot,PRODUCT,Unknown,Generative AI,Analytics & Visualization,Decision Making,Switzerland,Other,upcoming,
92.0,TECH,ABB,Genix Copilot,PRODUCT,Unknown,LLM,Analytics & Visualization,Decision Making,Switzerland,Other,upcoming,
92.0,TECH,ABB,Genix Copilot,PRODUCT,Unknown,Real Time Data Analytics,Analytics & Visualization,Decision Making,Switzerland,Other,upcoming,
92.0,TECH,ABB,Genix Copilot,PRODUCT,Unknown,Data Visualisation,Analytics & Visualization,Decision Making,Switzerland,Other,upcoming,
92.0,TECH,ABB,Genix Copilot,PRODUCT,Unknown,Platform,Analytics & Visualization,Decision Making,Switzerland,Other,upcoming,
92.0,TECH,ABB,Genix Copilot,PRODUCT,Unknown,Cloud,Analytics & Visualization,Decision Making,Switzerland,Other,upcoming,
93.0,TECH,ABB,Swansea Student Accomodation,INFRASTRUCTURE,Completed,Cloud based Monitoring,Analytics & Visualization,Decision Making,UK,Other,2021,
93.0,TECH,ABB,Swansea Student Accomodation,INFRASTRUCTURE,Completed,Sensing Hardware,Analytics & Visualization,Decision Making,UK,Other,2021,
93.0,TECH,ABB,Swansea Student Accomodation,INFRASTRUCTURE,Completed,Software Tech,Analytics & Visualization,Decision Making,UK,Other,2021,
94.0,TECH,ABB,ABB SWACO Water Sustainability,PRODUCT,Ongoing,Algorithm,Analytics & Visualization,Decision Making,Vietnam,Other,ongoing,
94.0,TECH,ABB,ABB SWACO Water Sustainability,PRODUCT,Ongoing,automation,Analytics & Visualization,Decision Making,Vietnam,Other,ongoing,
94.0,TECH,ABB,ABB SWACO Water Sustainability,PRODUCT,Ongoing,edge computing,Analytics & Visualization,Decision Making,Vietnam,Other,ongoing,
94.0,TECH,ABB,ABB SWACO Water Sustainability,PRODUCT,Ongoing,Sensing Hardware,Analytics & Visualization,Decision Making,Vietnam,Other,ongoing,
95.0,TECH,ABB,ABB Ebus Charging,INFRASTRUCTURE,Completed,IoT,Smart Devices & Wearables,Sustainability,Germany,Other,2017,
95.0,TECH,ABB,ABB Ebus Charging,INFRASTRUCTURE,Completed,Robotics,Smart Devices & Wearables,Sustainability,Germany,Other,2017,
95.0,TECH,ABB,ABB Ebus Charging,INFRASTRUCTURE,Completed,Cloud Management,Smart Devices & Wearables,Sustainability,Germany,Other,2017,
95.0,TECH,ABB,ABB Ebus Charging,INFRASTRUCTURE,Completed,Software,Smart Devices & Wearables,Sustainability,Germany,Other,2017,
96.0,TECH,ABB,ABB Ability Genix Industrial Analytics & AI Suite,PRODUCT,Completed,Industrial Analytics,Analytics & Visualization,Decision Making,USA,North America,2021,
96.0,TECH,ABB,ABB Ability Genix Industrial Analytics & AI Suite,PRODUCT,Completed,Artificial Intelligence,Analytics & Visualization,Decision Making,USA,North America,2021,
96.0,TECH,ABB,ABB Ability Genix Industrial Analytics & AI Suite,PRODUCT,Completed,Platform,Analytics & Visualization,Decision Making,USA,North America,2021,
96.0,TECH,ABB,ABB Ability Genix Industrial Analytics & AI Suite,PRODUCT,Completed,IoT,Analytics & Visualization,Decision Making,USA,North America,2021,
97.0,TECH,Intel,MobileEye,PRODUCT,Completed,Visual capture and processing,AI & Machine Learning,Decision Making,Israel,Other,2017,
97.0,TECH,Intel,MobileEye,PRODUCT,Completed,cloud communication,AI & Machine Learning,Decision Making,Israel,Other,2017,
97.0,TECH,Intel,MobileEye,PRODUCT,Completed,GIS,AI & Machine Learning,Decision Making,Israel,Other,2017,
97.0,TECH,Intel,MobileEye,PRODUCT,Completed,Software Tech,AI & Machine Learning,Decision Making,Israel,Other,2017,
98.0,TECH,Intel,ION Smart and Resilient Cities Accelerator,INFRASTRUCTURE,Completed,Hardware sensing,AI & Machine Learning,Decision Making,USA,North America,2019,
98.0,TECH,Intel,ION Smart and Resilient Cities Accelerator,INFRASTRUCTURE,Completed,Robotics,AI & Machine Learning,Decision Making,USA,North America,2019,
98.0,TECH,Intel,ION Smart and Resilient Cities Accelerator,INFRASTRUCTURE,Completed,IoT,AI & Machine Learning,Decision Making,USA,North America,2019,
98.0,TECH,Intel,ION Smart and Resilient Cities Accelerator,INFRASTRUCTURE,Completed,GIS,AI & Machine Learning,Decision Making,USA,North America,2019,
98.0,TECH,Intel,ION Smart and Resilient Cities Accelerator,INFRASTRUCTURE,Completed,AI,AI & Machine Learning,Decision Making,USA,North America,2019,
99.0,TECH,Intel,Intel Pandemic Response Technology Initiative,INITIATIVE,Completed,AI,AI & Machine Learning,Decision Making,Global,Other,2020,
99.0,TECH,Intel,Intel Pandemic Response Technology Initiative,INITIATIVE,Completed,Robotics,AI & Machine Learning,Decision Making,Global,Other,2020,
99.0,TECH,Intel,Intel Pandemic Response Technology Initiative,INITIATIVE,Completed,Motion Sensor,AI & Machine Learning,Decision Making,Global,Other,2020,
100.0,TECH,Intel,EZCON Intelligent Building System,PRODUCT,Completed,IoT,Analytics & Visualization,Decision Making,China,Asia,2023,
100.0,TECH,Intel,EZCON Intelligent Building System,PRODUCT,Completed,Cloud,Analytics & Visualization,Decision Making,China,Asia,2023,
100.0,TECH,Intel,EZCON Intelligent Building System,PRODUCT,Completed,Operational OS,Analytics & Visualization,Decision Making,China,Asia,2023,
100.0,TECH,Intel,EZCON Intelligent Building System,PRODUCT,Completed,Function Automation,Analytics & Visualization,Decision Making,China,Asia,2023,
101.0,TECH,Intel,Mindteck Zigbee,PRODUCT,Completed,Data Storage,Smart Devices & Wearables,Flexibility,India,Other,2016,
101.0,TECH,Intel,Mindteck Zigbee,PRODUCT,Completed,API,Smart Devices & Wearables,Flexibility,India,Other,2016,
101.0,TECH,Intel,Mindteck Zigbee,PRODUCT,Completed,Platform,Smart Devices & Wearables,Flexibility,India,Other,2016,
101.0,TECH,Intel,Mindteck Zigbee,PRODUCT,Completed,Software Tech,Smart Devices & Wearables,Flexibility,India,Other,2016,
101.0,TECH,Intel,Mindteck Zigbee,PRODUCT,Completed,Wireless Network,Smart Devices & Wearables,Flexibility,India,Other,2016,
101.0,TECH,Intel,Mindteck Zigbee,PRODUCT,Completed,IoT,Smart Devices & Wearables,Flexibility,India,Other,2016,
,TECH,Cisco,Global IoR Center Barcelona,INSTITUTION,Completed,API,Analytics & Visualization,Decision Making,Spain,Other,2019,
,TECH,Cisco,Global IoR Center Barcelona,INSTITUTION,Completed,Cloud,Analytics & Visualization,Decision Making,Spain,Other,2019,
,TECH,Cisco,Global IoR Center Barcelona,INSTITUTION,Completed,Network Controllers,Analytics & Visualization,Decision Making,Spain,Other,2019,
,TECH,Cisco,Global IoR Center Barcelona,INSTITUTION,Completed,Operations Centre,Analytics & Visualization,Decision Making,Spain,Other,2019,
,TECH,Cisco,Global IoR Center Barcelona,INSTITUTION,Completed,Platform,Analytics & Visualization,Decision Making,Spain,Other,2019,
,TECH,Siemens,Siemens MindSphere City Graph,PRODUCT,Completed,AI,Analytics & Visualization,Decision Making,Germany,Other,2020,
,TECH,Siemens,Siemens MindSphere City Graph,PRODUCT,Completed,Urban Platform,Analytics & Visualization,Decision Making,Germany,Other,2020,
,TECH,Siemens,Siemens MindSphere City Graph,PRODUCT,Completed,IoT,Analytics & Visualization,Decision Making,Germany,Other,2020,
,TECH,Siemens,Siemens MindSphere City Graph,PRODUCT,Completed,Advanced Analytics,Analytics & Visualization,Decision Making,Germany,Other,2020,
,TECH,Siemens,Siemens MindSphere City Graph,PRODUCT,Completed,Operation Optimisation,Analytics & Visualization,Decision Making,Germany,Other,2020,
,TECH,Siemens,Siemens MindSphere City Graph,PRODUCT,Completed,Digital Twins,Analytics & Visualization,Decision Making,Germany,Other,2020,
,TECH,Siemens,Siemens Advanta,INITIATIVE,Ongoing,Digital Twin,Analytics & Visualization,Decision Making,Global,Other,ongoing,2016
,TECH,Siemens,Siemens Advanta,INITIATIVE,Ongoing,IoT,Analytics & Visualization,Decision Making,Global,Other,ongoing,2016
,TECH,Siemens,Siemens Advanta,INITIATIVE,Ongoing,Data Platform,Analytics & Visualization,Decision Making,Global,Other,ongoing,2016
,TECH,Siemens,Siemens Advanta,INITIATIVE,Ongoing,Simulation,Analytics & Visualization,Decision Making,Global,Other,ongoing,2016
,TECH,Siemens,Siemens Advanta,INITIATIVE,Ongoing,Advanced Analytics,Analytics & Visualization,Decision Making,Global,Other,ongoing,2016
,TECH,Siemens,Siemens Advanta,INITIATIVE,Ongoing,Software,Analytics & Visualization,Decision Making,Global,Other,ongoing,2016
